{"law": {"corr": 9.0, "wrong": 14.0, "acc": 0.391304347826087}, "total": {"corr": 9.0, "wrong": 14.0, "acc": 0.391304347826087}}