{"business": {"corr": 26.0, "wrong": 4.0, "acc": 0.8666666666666667}, "total": {"corr": 26.0, "wrong": 4.0, "acc": 0.8666666666666667}}